Precinct,County,DAVID A. PERDUE (R),M. MICHELLE NUNN (D)
ELLENWOOD,Clayton,154,2321
FOREST PARK 1,Clayton,173,621
FOREST PARK 2,Clayton,147,642
FOREST PARK 3,Clayton,155,535
FOREST PARK 4,Clayton,215,387
FOREST PARK 5,Clayton,209,728
FOREST PARK 6,Clayton,150,329
JONESBORO 1,Clayton,143,1464
JONESBORO 2,Clayton,68,1432
JONESBORO 3,Clayton,289,1236
JONESBORO 4,Clayton,103,533
JONESBORO 5,Clayton,215,549
JONESBORO 6,Clayton,689,568
JONESBORO 7,Clayton,303,953
JONESBORO 8,Clayton,55,932
JONESBORO 9,Clayton,96,331
JONESBORO 10,Clayton,102,819
JONESBORO 11,Clayton,419,1181
JONESBORO 12,Clayton,69,883
JONESBORO 13,Clayton,152,654
JONESBORO 14,Clayton,672,1312
JONESBORO 15,Clayton,111,633
JONESBORO 16,Clayton,74,584
JONESBORO 17,Clayton,111,1491
JONESBORO 18,Clayton,170,912
LAKE CITY,Clayton,119,681
LOVEJOY 1,Clayton,264,1258
LOVEJOY 2,Clayton,131,969
LOVEJOY 3,Clayton,400,1591
LOVEJOY 4,Clayton,143,1406
LOVEJOY 5,Clayton,91,992
MORROW 1,Clayton,93,916
MORROW 2,Clayton,271,423
MORROW 3,Clayton,221,1250
MORROW 4,Clayton,156,497
MORROW 5,Clayton,303,1731
MORROW 6,Clayton,178,822
MORROW 7,Clayton,133,496
MORROW 8,Clayton,80,1104
MORROW 9,Clayton,80,439
OAK 1,Clayton,19,624
OAK 2,Clayton,23,395
OAK 3,Clayton,38,1007
OAK 4,Clayton,38,1060
PANHANDLE 1,Clayton,164,1165
PANHANDLE 2,Clayton,357,805
RIVERDALE 1,Clayton,85,956
RIVERDALE 2,Clayton,58,1046
RIVERDALE 3,Clayton,57,1184
RIVERDALE 4,Clayton,122,1213
RIVERDALE 5,Clayton,85,962
RIVERDALE 6,Clayton,139,733
RIVERDALE 7,Clayton,87,544
RIVERDALE 8,Clayton,126,1163
RIVERDALE 9,Clayton,89,867
RIVERDALE 10,Clayton,17,679
RIVERDALE 11,Clayton,66,759
RIVERDALE 12,Clayton,75,1109
ACWORTH 1A,Cobb,1104,805
ACWORTH 1B,Cobb,1050,609
ACWORTH 1C,Cobb,666,819
ADDISON 01,Cobb,712,402
AUSTELL 1A,Cobb,346,1247
BELLS FERRY 02,Cobb,794,487
BELLS FERRY 03,Cobb,1528,738
BIG SHANTY 01,Cobb,649,288
BIG SHANTY 02,Cobb,871,431
BAKER 01,Cobb,819,685
BIRNEY 01,Cobb,455,496
BIRNEY 02,Cobb,713,863
BRYANT 01,Cobb,51,865
BRYANT 02,Cobb,77,1432
BLACKWELL 01,Cobb,671,409
CHATTAHOOCHEE 01,Cobb,435,997
CHEATHAM HILL 02,Cobb,1013,407
CHEATHAM HILL 03,Cobb,1232,699
CHALKER 01,Cobb,754,595
CLARKDALE 01,Cobb,284,361
CLARKDALE 02,Cobb,646,1313
COOPER 01,Cobb,444,1250
CHESTNUT RIDGE 01,Cobb,1282,475
DICKERSON 01,Cobb,1048,503
DOBBINS 01,Cobb,197,670
DOWELL 01,Cobb,905,628
DODGEN 01,Cobb,804,328
DURHAM 01,Cobb,1559,402
DAVIS 01,Cobb,630,300
EASTSIDE 01,Cobb,1123,505
EASTSIDE 02,Cobb,1561,728
ELIZABETH 01,Cobb,451,539
ELIZABETH 02,Cobb,689,356
ELIZABETH 03,Cobb,974,460
ELIZABETH 04,Cobb,512,497
ELIZABETH 05,Cobb,847,549
EAST PIEDMONT 01,Cobb,489,414
FAIR OAKS 01,Cobb,435,946
FAIR OAKS 02,Cobb,453,814
FAIR OAKS 04,Cobb,325,347
FAIR OAKS 05,Cobb,196,229
FULLERS PARK 01,Cobb,1171,604
FORD 01,Cobb,1114,301
FREY 01,Cobb,793,295
GARRISON MILL 01,Cobb,968,417
GRITTERS 01,Cobb,1121,601
HARMONY LELAND 01,Cobb,442,1669
HARRISON 01,Cobb,1054,292
HIGHTOWER 01,Cobb,1485,701
HAYES 01,Cobb,1377,471
KENNESAW 1A,Cobb,472,300
KENNESAW 2A,Cobb,848,541
KENNESAW 3A,Cobb,701,909
KENNESAW 4A,Cobb,747,566
KENNESAW 5A,Cobb,1301,963
KELL 01,Cobb,639,284
KEMP 01,Cobb,799,247
KEMP 02,Cobb,1179,650
KEMP 03,Cobb,1532,402
LASSSITER 01,Cobb,1268,435
LINDLEY 01,Cobb,636,1295
LOST MOUNTAIN 01,Cobb,1180,464
LOST MOUNTAIN 02,Cobb,1623,382
LOST MOUNTAIN 03,Cobb,1662,647
LOST MOUNTAIN 04,Cobb,936,309
LEWIS 01,Cobb,490,228
MABLETON 01,Cobb,752,1212
MABLETON 02,Cobb,344,575
MABLETON 03,Cobb,652,577
MABLETON 04,Cobb,493,293
MABRY 01,Cobb,716,245
MACLAND 01,Cobb,504,975
MURDOCK 01,Cobb,1427,638
MCEACHERN 01,Cobb,696,678
MCCLESKEY 01,Cobb,629,291
MCCLURE 01,Cobb,604,197
MARIETTA 1A,Cobb,305,522
MARIETTA 2A,Cobb,818,362
MARIETTA 2B,Cobb,927,814
MARIETTA 3A,Cobb,1118,1206
MARIETTA 4A,Cobb,902,251
MARIETTA 4B,Cobb,438,302
MARIETTA 4C,Cobb,986,447
MARIETTA 5A,Cobb,197,586
MARIETTA 5B,Cobb,177,443
MARIETTA 6A,Cobb,191,435
MARIETTA 6B,Cobb,744,500
MARIETTA 7A,Cobb,168,570
MARS HILL 01,Cobb,1069,279
MARS HILL 02,Cobb,677,377
MOUNT BETHEL 01,Cobb,1631,632
MOUNT BETHEL 03,Cobb,1012,452
MOUNT BETHEL 04,Cobb,1165,514
NORTH COBB 01,Cobb,583,349
NICKAJACK 01,Cobb,471,980
NORTON PARK 01,Cobb,789,733
NICHOLSON 01,Cobb,704,361
OAKDALE 01,Cobb,874,734
OREGON 01,Cobb,605,241
OREGON 02,Cobb,485,1048
OREGON 03,Cobb,407,637
OREGON 04,Cobb,702,1482
OREGON 05,Cobb,932,860
PEBBLEBROOK 01,Cobb,337,1520
POWERS FERRY 01,Cobb,899,562
PINE MOUNTAIN 01,Cobb,1175,330
PINE MOUNTAIN 02,Cobb,1258,259
POST OAK 01,Cobb,1364,473
POPE 01,Cobb,1086,486
PALMER 01,Cobb,770,334
POWDER SPRINGS 1A,Cobb,707,992
POWDER SPRINGS 2A,Cobb,302,927
POWDER SPRINGS 3A,Cobb,452,912
PITNER 01,Cobb,809,394
ROCKY MOUNTAIN 01,Cobb,1088,504
RIVERSIDE 01,Cobb,58,558
ROSWELL 01,Cobb,2002,896
ROSWELL 02,Cobb,1398,553
SANDY PLAINS 01,Cobb,779,457
SHALLOWFORD FALL 01,Cobb,1203,588
SIMPSON 01,Cobb,623,298
SEWELL MILL 01,Cobb,1124,512
SEWELL MILL 03,Cobb,909,769
SMYRNA 1A,Cobb,350,838
SMYRNA 2A,Cobb,495,1075
SMYRNA 3A,Cobb,578,777
SMYRNA 4A,Cobb,931,945
SMYRNA 5A,Cobb,461,739
SMYRNA 6A,Cobb,1172,1136
SMYRNA 7A,Cobb,1181,918
SMYRNA 7B,Cobb,1040,1457
SOPE CREEK 01,Cobb,910,393
SOPE CREEK 02,Cobb,1327,729
SOPE CREEK 03,Cobb,1056,374
SWEETWATER 01,Cobb,641,696
SWEETWATER 02,Cobb,248,652
TERRELL MILL 01,Cobb,695,1002
TIMBER RIDGE 01,Cobb,979,429
VAUGHN 01,Cobb,1159,352
VININGS 01,Cobb,461,399
VININGS 02,Cobb,846,1103
VININGS 03,Cobb,814,868
VININGS 04,Cobb,1174,538
WADE GREEN 02,Cobb,1010,794
WILEO 01,Cobb,1050,462
ALLGOOD ELEM,DeKalb,119,1100
ASHFORD DUNWOODY RD,DeKalb,826,662
ASHFORD PARK ELEM,DeKalb,738,454
ASHFORD PARKSIDE,DeKalb,732,580
AUSTIN,DeKalb,1043,430
AUSTIN DRIVE,DeKalb,29,769
AVONDALE,DeKalb,514,1034
AVONDALE HIGH,DeKalb,203,1257
BETHUNE MIDDLE,DeKalb,43,1676
BOULDERCREST RD,DeKalb,33,841
BOULEVARD,DeKalb,175,1743
BRIAR VISTA ELEM,DeKalb,305,788
BRIARCLIFF,DeKalb,541,733
BRIARLAKE ELEM,DeKalb,466,487
BRIARWOOD,DeKalb,355,434
BROCKETT,DeKalb,477,602
BROCKETT ELEM,DeKalb,464,673
BROOKHAVEN,DeKalb,668,569
BROWNS MILL ELEM,DeKalb,60,1791
BURGESS ELEM,DeKalb,92,1103
CANBY LANE ELEM,DeKalb,19,826
CANDLER,DeKalb,43,910
CANDLER-MURPHEY CANDLER ELEM,DeKalb,108,1127
CEDAR GROVE ELEM,DeKalb,39,1766
CEDAR GROVE MIDDLE,DeKalb,14,582
CEDAR GROVE SOUTH,DeKalb,53,1668
CHAMBLEE ,DeKalb,716,851
CHAPEL HILL ELEM,DeKalb,26,1488
CHESNUT ELEM,DeKalb,330,490
CLAIREMONT EAST,DeKalb,366,1309
CLAIREMONT WEST,DeKalb,367,1448
CLAIRMONT ROAD,DeKalb,355,995
CLARKSTON,DeKalb,139,836
CLIFTON ELEM,DeKalb,23,698
COAN MIDDLE,DeKalb,110,1164
COLUMBIA DRIVE,DeKalb,21,862
COLUMBIA ELEM,DeKalb,9,498
COLUMBIA MIDDLE,DeKalb,14,630
CORALWOOD,DeKalb,631,1071
COVINGTON,DeKalb,82,590
COVINGTON HWY LIBRARY,DeKalb,2,163
CROSS KEYS HIGH,DeKalb,333,383
CROSSROADS,DeKalb,42,1226
DORAVILLE NORTH,DeKalb,280,513
DORAVILLE SOUTH,DeKalb,174,279
DRESDEN ELEM,DeKalb,317,749
DRUID HILLS HIGH,DeKalb,278,835
DUNAIRE ELEM,DeKalb,112,686
DUNWOODY,DeKalb,543,518
DUNWOODY ELEM,DeKalb,724,371
DUNWOODY LIBRARY,DeKalb,1037,405
EAST LAKE ELEM,DeKalb,131,1334
EMBRY HILLS,DeKalb,437,515
EMORY ROAD,DeKalb,88,289
EMORY SOUTH,DeKalb,424,1014
EPWORTH,DeKalb,465,2546
EVANSDALE ELEM,DeKalb,513,727
FAIRINGTON ELEM,DeKalb,28,1477
FERNBANK ELEM,DeKalb,341,1092
FLAKES MILL FIRE STATION,DeKalb,23,821
FLAT ROCK ELEM,DeKalb,37,1277
FLAT SHOALS,DeKalb,16,779
FLAT SHOALS ELEM,DeKalb,18,836
FLAT SHOALS LIBRARY,DeKalb,13,860
FLAT SHOALS PARKWAY,DeKalb,42,1569
FREEDOM MIDDLE,DeKalb,132,1003
GEORGETOWN SQUARE,DeKalb,643,643
GLENHAVEN,DeKalb,72,575
GLENNWOOD,DeKalb,141,829
GLENWOOD ROAD,DeKalb,39,625
GRESHAM ROAD,DeKalb,47,1153
HAMBRICK ELEM,DeKalb,159,1045
HARRIS-MARGARET HARRIS ED,DeKalb,204,596
HARRIS-NARVIE J. HARRIS ELEM,DeKalb,26,1622
HAWTHORNE ELEM,DeKalb,565,1057
HENDERSON MILL ELEM,DeKalb,627,779
HUGH HOWELL,DeKalb,509,506
HUNTLEY HILLS ELEM,DeKalb,396,706
IDLEWOOD ELEM,DeKalb,202,665
INDIAN CREEK ELEM,DeKalb,78,525
JOHNSON ESTATES,DeKalb,197,460
JOLLY ELEM,DeKalb,74,700
KELLEY CHAPEL ROAD,DeKalb,29,680
KELLEY LAKE ELEM,DeKalb,30,1067
KING-ML KING JR HIGH,DeKalb,34,2037
KINGSLEY ELEM,DeKalb,968,456
KNOLLWOOD ELEM,DeKalb,46,858
KITTREDGE ELEM,DeKalb,607,529
LAKESIDE HIGH,DeKalb,806,925
LAVISTA,DeKalb,340,590
LAVISTA ROAD,DeKalb,341,640
LIN-MARY LIN ELEM,DeKalb,68,277
LITHONIA,DeKalb,34,381
LITHONIA HIGH,DeKalb,15,1115
LIVSEY ELEM,DeKalb,415,390
MARBUT ELEM,DeKalb,21,1492
MATHIS-BOB MATHIS ELEM,DeKalb,65,1393
MCLENDON,DeKalb,149,699
MCNAIR ACADEMY,DeKalb,28,777
MCNAIR HIGH,DeKalb,82,1303
MCNAIR MIDDLE,DeKalb,20,843
MCWILLIAMS,DeKalb,20,969
MEADOWVIEW ELEM,DeKalb,38,1316
MEDLOCK ELEM,DeKalb,290,794
MEMORIAL NORTH,DeKalb,136,809
MEMORIAL SOUTH,DeKalb,50,477
METROPOLITAN,DeKalb,83,1041
MIDVALE ELEM,DeKalb,657,496
MIDVALE ROAD,DeKalb,515,785
MIDWAY ELEM,DeKalb,70,849
MILLER-ELDRIDGE L. MILLER ELEM,DeKalb,69,1228
MILLER GROVE HIGH,DeKalb,23,1293
MILLER GROVE MIDDLE,DeKalb,23,1238
MILLER GROVE ROAD,DeKalb,34,1077
MONTCLAIR ELEM,DeKalb,63,426
MONTGOMERY ELEM,DeKalb,696,497
MONTREAL,DeKalb,252,451
MT. VERNON EAST,DeKalb,1001,423
MT. VERNON WEST,DeKalb,718,443
NORTH DECATUR,DeKalb,105,489
NORTH HAIRSTON,DeKalb,97,684
NORTH PEACHTREE,DeKalb,295,371
NORTHLAKE,DeKalb,332,448
OAK GROVE ELEM,DeKalb,518,616
OAK VIEW ELEM,DeKalb,20,1871
OAKCLIFF ELEM,DeKalb,193,328
OAKHURST,DeKalb,172,1376
PANOLA,DeKalb,37,666
PANOLA ROAD,DeKalb,3,379
PANOLA WAY ELEM,DeKalb,22,605
PEACHCREST ELEM,DeKalb,72,639
PEACHTREE MIDDLE,DeKalb,367,702
PINE LAKE,DeKalb,41,264
PINEY GROVE,DeKalb,23,516
PLEASANTDALE ELEM,DeKalb,213,789
PONCE DE LEON,DeKalb,191,953
PRINCETON ELEM,DeKalb,43,875
RAINBOW ELEM,DeKalb,65,1642
REDAN ELEM,DeKalb,27,1232
REDAN MIDDLE,DeKalb,54,997
REDAN ROAD,DeKalb,32,1045
REDAN-TROTTI LIBRARY,DeKalb,35,1444
REHOBOTH,DeKalb,371,633
RENFROE MIDDLE,DeKalb,100,779
ROCK CHAPEL ELEM,DeKalb,35,1035
ROCK CHAPEL ROAD,DeKalb,117,1338
ROCKBRIDGE ELEM,DeKalb,94,931
ROCKBRIDGE ROAD,DeKalb,76,1632
ROWLAND ELEM,DeKalb,74,1029
ROWLAND ROAD,DeKalb,93,761
SAGAMORE HILLS ELEM,DeKalb,741,968
SALEM MIDDLE,DeKalb,36,1611
SCOTT,DeKalb,265,884
SHADOW ROCK ELEM,DeKalb,78,1835
SHAMROCK,DeKalb,298,525
SHAW-ROBERT SHAW ELEM,DeKalb,176,1078
SILVER LAKE,DeKalb,973,724
SKYLAND,DeKalb,469,386
SMOKE RISE ELEM,DeKalb,632,619
SNAPFINGER ELEM,DeKalb,21,929
SNAPFINGER ROAD NORTH,DeKalb,47,871
SNAPFINGER ROAD SOUTH,DeKalb,30,938
SOUTH DESHON,DeKalb,39,1332
SOUTH HAIRSTON,DeKalb,48,1325
STEPHENSON HIGH,DeKalb,73,1363
STEPHENSON MIDDLE,DeKalb,89,1460
STONE MILL ELEM,DeKalb,45,648
STONE MOUNTAIN CHAMPION,DeKalb,120,862
STONE MOUNTAIN ELEM,DeKalb,341,743
STONE MOUNTAIN LIBRARY,DeKalb,115,373
STONE MOUNTAIN MIDDLE,DeKalb,74,558
STONEVIEW ELEM,DeKalb,23,500
TERRY MILL ELEM,DeKalb,34,960
TILLY MILL ROAD,DeKalb,553,294
TONEY ELEM,DeKalb,13,696
TUCKER,DeKalb,765,735
TUCKER LIBRARY,DeKalb,486,652
VALLEY BROOK,DeKalb,106,287
WADSWORTH ELEM,DeKalb,20,1134
WARREN TECH,DeKalb,357,477
WESLEY CHAPEL LIBRARY,DeKalb,35,1522
WHITE OAK,DeKalb,20,849
WINNONA PARK ELEM,DeKalb,147,1016
WINTERS CHAPEL,DeKalb,455,312
WOODRIDGE ELEM,DeKalb,70,1320
WOODROW ROAD,DeKalb,96,1995
WOODWARD ELEM,DeKalb,246,523
WYNBROOKE ELEM,DeKalb,93,1540
YOUNG ROAD,DeKalb,33,877
01A,Fulton,119,1235
01B,Fulton,217,1494
01C1,Fulton,10,276
01C2,Fulton,0,42
01D,Fulton,27,378
01E,Fulton,206,1098
01F,Fulton,5,255
01G,Fulton,35,605
01H,Fulton,4,216
01I,Fulton,1,0
01J,Fulton,21,744
01P,Fulton,7,421
01R,Fulton,4,348
01S,Fulton,10,545
01T,Fulton,43,386
02A,Fulton,310,974
02B,Fulton,98,648
02C,Fulton,55,577
02D,Fulton,116,1085
02E,Fulton,102,847
02F1,Fulton,163,891
02F2,Fulton,17,177
02G,Fulton,139,980
02J,Fulton,132,712
02K,Fulton,83,441
02L1,Fulton,308,1338
02L2,Fulton,90,251
02S,Fulton,11,229
02W,Fulton,20,100
03A,Fulton,11,522
03B,Fulton,2,115
03C,Fulton,7,500
03D,Fulton,2,272
03E,Fulton,7,534
03F,Fulton,99,388
03G,Fulton,5,162
03H,Fulton,4,245
03I,Fulton,75,202
03L,Fulton,3,141
03M,Fulton,59,191
03N,Fulton,9,481
03P1A,Fulton,84,543
03P2,Fulton,0,11
03S,Fulton,4,230
03T,Fulton,21,476
04A,Fulton,8,352
04B,Fulton,15,332
04C,Fulton,1,38
04D,Fulton,9,521
04F,Fulton,42,523
04G,Fulton,4,195
04I,Fulton,33,310
04J,Fulton,1,129
04K,Fulton,27,762
04L,Fulton,18,455
04M,Fulton,6,192
04S,Fulton,13,840
04T,Fulton,4,421
04V,Fulton,13,671
04W,Fulton,9,260
04X1,Fulton,9,670
04X2,Fulton,7,200
05A1,Fulton,87,812
05A2,Fulton,102,800
05B,Fulton,19,470
05C,Fulton,0,23
05D,Fulton,2,36
05F,Fulton,1,2
05J,Fulton,30,211
05K,Fulton,32,538
06B,Fulton,158,580
06D,Fulton,299,816
06E,Fulton,183,607
06F,Fulton,273,854
06G,Fulton,36,165
06H,Fulton,297,650
06I,Fulton,162,532
06J,Fulton,295,940
06L1,Fulton,132,377
06L2,Fulton,136,245
06N,Fulton,336,448
06Q,Fulton,14,98
06R,Fulton,197,606
06S,Fulton,464,1300
07A,Fulton,1217,952
07B,Fulton,1063,444
07C,Fulton,885,676
07D,Fulton,642,580
07E,Fulton,296,501
07F,Fulton,614,556
07H,Fulton,525,503
07J,Fulton,516,600
07M,Fulton,292,372
07N,Fulton,108,350
08A,Fulton,882,506
08B,Fulton,1044,511
08C,Fulton,586,179
08D,Fulton,475,200
08E,Fulton,999,511
08F1,Fulton,901,355
08G,Fulton,529,509
08H,Fulton,861,498
08J,Fulton,842,490
08K,Fulton,193,188
08L,Fulton,528,772
08M,Fulton,610,247
08N1,Fulton,324,123
08N2,Fulton,327,251
08P,Fulton,123,312
09A,Fulton,367,758
09B,Fulton,2,119
09C,Fulton,21,1119
09D,Fulton,7,630
09E,Fulton,28,720
09F,Fulton,838,739
09G1,Fulton,34,113
09G2,Fulton,251,528
09H,Fulton,56,209
09I,Fulton,8,416
09K,Fulton,9,612
09L,Fulton,23,538
09M,Fulton,224,464
10A,Fulton,11,1340
10B,Fulton,8,359
10C,Fulton,7,777
10D,Fulton,15,1374
10E,Fulton,0,448
10F,Fulton,12,472
10G,Fulton,15,635
10H,Fulton,18,899
10I,Fulton,6,205
10J,Fulton,3,311
10K,Fulton,14,726
10L,Fulton,26,1524
10M,Fulton,17,882
10P,Fulton,4,504
10R,Fulton,2,261
11B,Fulton,34,2092
11C,Fulton,26,1334
11E1,Fulton,19,419
11E2,Fulton,8,395
11E3,Fulton,16,1050
11G,Fulton,17,552
11H,Fulton,4,282
11J,Fulton,13,733
11K,Fulton,20,853
11M,Fulton,12,1146
11N,Fulton,16,1078
11P,Fulton,11,706
11R,Fulton,3,458
12A,Fulton,10,280
12B,Fulton,42,819
12C,Fulton,19,514
12D,Fulton,6,342
12E1,Fulton,15,346
12F,Fulton,3,267
12G,Fulton,14,329
12H,Fulton,32,1034
12I,Fulton,2,291
12J,Fulton,22,788
12K,Fulton,32,783
12L,Fulton,4,174
12M,Fulton,1,109
12N,Fulton,5,229
12S,Fulton,11,594
12T,Fulton,10,723
AP01A,Fulton,578,240
AP01B,Fulton,93,105
AP01C,Fulton,639,299
AP01D,Fulton,149,112
AP02B,Fulton,90,61
AP03,Fulton,60,144
AP04A,Fulton,589,188
AP04B,Fulton,111,53
AP05,Fulton,1371,557
AP06,Fulton,566,226
AP07A,Fulton,724,507
AP07B,Fulton,434,177
AP09A,Fulton,1077,613
AP09B,Fulton,145,121
AP021,Fulton,679,373
AP022,Fulton,465,332
AP10,Fulton,317,123
AP12A,Fulton,98,126
AP12B,Fulton,62,112
AP12C,Fulton,292,152
AP13,Fulton,609,333
AP14,Fulton,897,425
CH01,Fulton,22,50
CH02,Fulton,57,97
CH03,Fulton,115,51
CH04A,Fulton,155,97
CH04B,Fulton,0,2
CH05,Fulton,151,36
CP01B,Fulton,45,96
CP011,Fulton,108,321
CP012,Fulton,134,398
CP02,Fulton,66,283
CP04,Fulton,1,22
CP05B,Fulton,1,35
CP051,Fulton,23,675
CP06,Fulton,2,93
CP07A,Fulton,5,211
CP07D,Fulton,0,2
CP081,Fulton,1,60
CP083,Fulton,0,49
CP08A,Fulton,0,83
EP01,Fulton,196,1665
EP02,Fulton,195,1728
EP03,Fulton,129,2505
EP04,Fulton,66,2106
FA01A,Fulton,391,2580
FA01B,Fulton,9,227
HP01,Fulton,368,688
JC01,Fulton,987,686
JC02,Fulton,362,243
JC03A,Fulton,136,76
JC03B,Fulton,269,240
JC04A,Fulton,1042,620
JC04B,Fulton,51,36
JC05,Fulton,447,312
JC06,Fulton,740,293
JC07,Fulton,872,567
JC08,Fulton,756,459
JC09,Fulton,603,478
JC10,Fulton,483,400
JC11,Fulton,919,394
JC12,Fulton,982,298
JC13A,Fulton,880,215
JC13B,Fulton,151,12
JC14,Fulton,750,286
JC15,Fulton,128,127
JC16,Fulton,507,318
JC17,Fulton,80,58
JC18A,Fulton,895,414
JC18B,Fulton,72,43
JC19,Fulton,995,681
ML011,Fulton,651,229
ML012,Fulton,189,47
ML01B,Fulton,17,5
ML021,Fulton,534,118
ML022,Fulton,79,17
ML023,Fulton,499,102
ML024,Fulton,47,3
ML03,Fulton,1315,301
ML04A,Fulton,503,173
ML04B,Fulton,440,133
ML04C,Fulton,30,9
ML05A,Fulton,6,8
ML05B,Fulton,134,37
ML05C,Fulton,990,559
ML06A,Fulton,215,280
ML06B,Fulton,440,499
ML071,Fulton,28,13
ML072,Fulton,331,97
ML07A,Fulton,217,63
MP01,Fulton,111,116
PA01,Fulton,57,213
RW01,Fulton,1534,714
RW02,Fulton,1157,632
RW03,Fulton,772,722
RW04,Fulton,598,398
RW05,Fulton,284,347
RW06,Fulton,709,499
RW07A,Fulton,48,267
RW07B,Fulton,56,85
RW08,Fulton,744,308
RW09,Fulton,1051,329
RW10,Fulton,1126,483
RW11A,Fulton,653,460
RW12,Fulton,1203,557
RW13,Fulton,1028,552
RW15,Fulton,1118,390
RW16,Fulton,590,293
RW17,Fulton,590,567
RW18,Fulton,841,311
RW19,Fulton,672,264
RW20,Fulton,813,447
RW21A,Fulton,1086,445
RW21B,Fulton,1,4
RW22A,Fulton,629,658
SC01B,Fulton,46,2024
SC02,Fulton,14,789
SC04,Fulton,231,272
SC05A,Fulton,8,278
SC05B,Fulton,35,1357
SC05D,Fulton,95,994
SC07A,Fulton,245,2022
SC08B,Fulton,50,1345
SC08C,Fulton,0,35
SC08D,Fulton,4,206
SC08E,Fulton,1,163
SC08F,Fulton,14,247
SC09A,Fulton,44,1158
SC09B,Fulton,20,750
SC10,Fulton,10,504
SC11A,Fulton,13,637
SC11B,Fulton,17,700
SC13A,Fulton,95,2476
SC13B,Fulton,59,957
SC14,Fulton,7,330
SC16,Fulton,35,2125
SC17A,Fulton,1,19
SC17B,Fulton,0,1
SC17C,Fulton,20,506
SC18A,Fulton,1,215
SC18B,Fulton,71,2333
SC19A,Fulton,3,93
SC19B,Fulton,18,517
SC211,Fulton,13,434
SC212,Fulton,55,1007
SC23A,Fulton,51,2019
SC23B,Fulton,12,183
SC27,Fulton,24,1014
SC29A,Fulton,25,1268
SC30A,Fulton,1,80
SC30B,Fulton,11,543
SS01,Fulton,1160,502
SS02A,Fulton,233,223
SS02B,Fulton,121,267
SS03,Fulton,360,311
SS04,Fulton,485,576
SS05,Fulton,669,400
SS06,Fulton,498,254
SS07A,Fulton,318,146
SS07B,Fulton,111,73
SS07C,Fulton,182,112
SS08A,Fulton,149,208
SS08B,Fulton,206,104
SS08C,Fulton,96,118
SS08D,Fulton,172,214
SS09A,Fulton,1091,551
SS09B,Fulton,1218,598
SS11A,Fulton,654,635
SS11B,Fulton,161,239
SS11C,Fulton,18,47
SS11D,Fulton,75,68
SS12,Fulton,712,488
SS13A,Fulton,374,282
SS13B,Fulton,175,154
SS14,Fulton,507,237
SS15A,Fulton,109,471
SS15B,Fulton,191,316
SS16,Fulton,848,389
SS17,Fulton,1008,534
SS18A,Fulton,239,124
SS18B,Fulton,93,51
SS19A,Fulton,274,581
SS19B,Fulton,276,408
SS20,Fulton,292,327
SS22,Fulton,548,516
SS25,Fulton,516,242
SS26,Fulton,179,699
SS29A,Fulton,546,485
SS29B,Fulton,2,0
SS31,Fulton,278,221
UC01A,Fulton,32,1057
UC01B,Fulton,1,89
UC01D,Fulton,0,0
UC01E,Fulton,0,31
UC02A,Fulton,99,2488
UC02B,Fulton,5,4
UC031,Fulton,209,636
UC032,Fulton,2,4
UC034,Fulton,2,15
UC035,Fulton,2,3
001 HARBINS A,Gwinnett,1325,752
002 ROCKBRIDGE A,Gwinnett,417,946
003 DACULA,Gwinnett,907,784
004 SUWANEE A,Gwinnett,325,223
005 BAYCREEK A,Gwinnett,861,480
006 GOODWINS A,Gwinnett,725,660
007 DULUTH A,Gwinnett,986,779
008 DUNCANS A,Gwinnett,1527,463
009 PUCKETTS A,Gwinnett,1400,466
010 CATES A,Gwinnett,720,335
011 BERKSHIRE A,Gwinnett,273,393
012 BERKSHIRE B,Gwinnett,527,1035
013 DUNCANS C,Gwinnett,1084,281
014 GARNERS A,Gwinnett,1119,542
015 LAWRENCEVILLE A,Gwinnett,663,504
016 LAWRENCEVILLE B,Gwinnett,689,994
017 MARTINS A,Gwinnett,216,629
018 MARTINS B,Gwinnett,411,554
019 MARTINS C,Gwinnett,481,438
020 PINCKNEYVILLE A,Gwinnett,132,519
021 PINCKNEYVILLE B,Gwinnett,236,489
022 PINCKNEYVILLE C,Gwinnett,511,355
023 PINCKNEYVILLE D,Gwinnett,122,355
024 SUGAR HILL A,Gwinnett,704,375
025 SUGAR HILL B,Gwinnett,985,514
026 HOG MOUNTAIN A,Gwinnett,722,653
027 HOG MOUNTAIN B,Gwinnett,1223,600
028 ROCKYCREEK A,Gwinnett,1376,679
029 CATES B,Gwinnett,560,221
030 CATES C,Gwinnett,478,629
031 HOG MOUNTAIN D,Gwinnett,781,362
032 BERKSHIRE D,Gwinnett,835,451
033 BERKSHIRE E,Gwinnett,618,320
034 BERKSHIRE F,Gwinnett,309,296
035 CATES D,Gwinnett,865,488
036 CATES E,Gwinnett,868,509
037 PINCKNEYVILLE E,Gwinnett,126,347
038 PINCKNEYVILLE F,Gwinnett,183,261
039 DUNCANS D,Gwinnett,1752,464
040 PINCKNEYVILLE H,Gwinnett,881,709
041 BAYCREEK B,Gwinnett,786,1202
042 LAWRENCEVILLE C,Gwinnett,779,340
043 MARTINS D,Gwinnett,102,404
044 ROCKBRIDGE B,Gwinnett,476,941
045 GARNERS B,Gwinnett,614,792
046 CATES F,Gwinnett,625,227
047 CATES G,Gwinnett,1095,349
048 DULUTH B,Gwinnett,785,473
049 GARNERS C,Gwinnett,424,319
050 PINCKNEYVILLE I,Gwinnett,216,513
051 PINCKNEYVILLE J,Gwinnett,109,415
052 BERKSHIRE G,Gwinnett,685,385
053 CATES H,Gwinnett,497,721
054 SUGAR HILL C,Gwinnett,1132,491
055 SUGAR HILL D,Gwinnett,822,432
056 DULUTH C,Gwinnett,501,365
057 DULUTH D,Gwinnett,646,717
058 PINCKNEYVILLE K,Gwinnett,234,627
059 PINCKNEYVILLE N,Gwinnett,196,683
060 LAWRENCEVILLE D,Gwinnett,335,776
061 LAWRENCEVILLE E,Gwinnett,638,349
062 PINCKNEYVILLE L,Gwinnett,926,371
063 PINCKNEYVILLE M,Gwinnett,1016,345
064 GARNERS D,Gwinnett,407,911
065 BERKSHIRE H,Gwinnett,245,275
066 PINCKNEYVILLE O,Gwinnett,226,622
067 PUCKETTS E,Gwinnett,971,613
068 CATES I,Gwinnett,914,544
069 CATES J,Gwinnett,746,551
070 GOODWINS B,Gwinnett,1114,518
071 LAWRENCEVILLE F,Gwinnett,449,963
072 MARTINS E,Gwinnett,134,1087
073 PINCKNEYVILLE P,Gwinnett,546,382
074 PINCKNEYVILLE Q,Gwinnett,72,403
075 ROCKBRIDGE C,Gwinnett,480,1522
076 ROCKBRIDGE D,Gwinnett,536,968
077 GOODWINS C,Gwinnett,730,778
078 BAYCREEK K,Gwinnett,794,570
079 CATES K,Gwinnett,797,353
080 BAYCREEK C,Gwinnett,1158,1076
081 CATES L,Gwinnett,847,775
082 DULUTH E,Gwinnett,515,805
083 GOODWINS D,Gwinnett,887,635
084 LAWRENCEVILLE G,Gwinnett,315,581
085 LAWRENCEVILLE H,Gwinnett,1000,559
086 MARTINS F,Gwinnett,211,443
087 PINCKNEYVILLE S,Gwinnett,446,479
088 ROCKBRIDGE E,Gwinnett,428,1086
089 SUGAR HILL E,Gwinnett,727,319
090 LAWRENCEVILLE I,Gwinnett,572,522
091 BAYCREEK D,Gwinnett,1185,671
092 BERKSHIRE J,Gwinnett,882,477
093 CATES M,Gwinnett,1321,555
094 CATES N,Gwinnett,963,295
095 DULUTH F,Gwinnett,306,779
096 DULUTH G,Gwinnett,749,431
097 GOODWINS E,Gwinnett,1131,715
098 GOODWINS F,Gwinnett,622,478
099 PINCKNEYVILLE T,Gwinnett,466,505
100 SUWANEE B,Gwinnett,1037,523
101 PINCKNEYVILLE U,Gwinnett,418,382
102 PUCKETTS B,Gwinnett,867,349
103 BERKSHIRE L,Gwinnett,295,556
104 ROCKBRIDGE F,Gwinnett,604,1673
105 SUGAR HILL F,Gwinnett,956,417
106 SUWANEE C,Gwinnett,1142,569
107 CATES O,Gwinnett,382,217
108 BAYCREEK E,Gwinnett,635,488
109 BERKSHIRE M,Gwinnett,489,267
110 MARTINS G,Gwinnett,253,420
111 DULUTH H,Gwinnett,567,354
112 BERKSHIRE N,Gwinnett,1046,498
113 PINCKNEYVILLE V,Gwinnett,223,284
114 PINCKNEYVILLE W,Gwinnett,650,569
115 MARTINS H,Gwinnett,615,856
116 MARTINS I,Gwinnett,290,680
117 MARTINS J,Gwinnett,210,746
118 GARNERS F,Gwinnett,464,261
119 BERKSHIRE O,Gwinnett,833,390
120 BERKSHIRE P,Gwinnett,232,236
121 PINCKNEYVILLE X,Gwinnett,779,540
122 ROCKBRIDGE G,Gwinnett,484,1468
123 PINCKNEYVILLE Y,Gwinnett,186,552
124 GOODWINS G,Gwinnett,287,472
125 PINCKNEYVILLE Z,Gwinnett,779,277
126 PINCKNEYVILLE A1,Gwinnett,1014,446
127 LAWRENCEVILLE J,Gwinnett,334,384
128 GOODWINS H,Gwinnett,555,455
129 DUNCANS B,Gwinnett,1370,390
130 SUWANEE D,Gwinnett,1416,464
131 SUWANEE E,Gwinnett,1208,460
132 LAWRENCEVILLE K,Gwinnett,767,473
133 HARBINS B,Gwinnett,1084,348
134 BAYCREEK F,Gwinnett,731,781
135 PUCKETTS C,Gwinnett,792,307
136 HOG MOUNTAIN C,Gwinnett,946,456
137 ROCKYCREEK B,Gwinnett,1227,641
138 DULUTH I,Gwinnett,1154,473
139 MARTINS K,Gwinnett,390,1101
140 SUWANEE H,Gwinnett,1211,361
141 SUGAR HILL G,Gwinnett,805,316
142 SUWANEE F,Gwinnett,851,529
143 LAWRENCEVILLE L,Gwinnett,951,850
144 LAWRENCEVILLE M,Gwinnett,423,1207
145 BAYCREEK G,Gwinnett,939,683
146 BAYCREEK H,Gwinnett,1464,689
147 BAYCREEK I,Gwinnett,914,928
148 BERKSHIRE Q,Gwinnett,481,256
149 GOODWINS I,Gwinnett,751,430
150 DULUTH K,Gwinnett,124,406
151 HARBINS C,Gwinnett,721,203
152 ROCKYCREEK C,Gwinnett,1206,661
153 LAWRENCEVILLE N,Gwinnett,418,364
154 PUCKETTS D,Gwinnett,903,303
155 SUWANEE G,Gwinnett,791,501
156 BAYCREEK J,Gwinnett,777,882
