Precinct,registered_v,rep_votes,dem_votes,total,rep_p,dem_p,county
ELLENWOOD,4329,171,2284,2485,0,0,CLAYTON
FOREST PARK 1,2148,170,595,794,0,0,CLAYTON
FOREST PARK 2,1815,155,629,798,0,0,CLAYTON
FOREST PARK 3,1628,149,540,699,0,0,CLAYTON
FOREST PARK 4,1276,213,375,613,0,0,CLAYTON
FOREST PARK 5,2507,217,705,940,0,0,CLAYTON
FOREST PARK 6,1011,163,317,485,0,0,CLAYTON
JONESBORO 1,3515,165,1423,1614,0,0,CLAYTON
JONESBORO 2,3076,85,1392,1487,0,0,CLAYTON
JONESBORO 3,2850,289,1216,1526,0,0,CLAYTON
JONESBORO 4,1566,113,520,644,0,0,CLAYTON
JONESBORO 5,1532,223,537,768,0,0,CLAYTON
JONESBORO 6,2009,693,551,1264,0,0,CLAYTON
JONESBORO 7,2340,296,930,1242,0,0,CLAYTON
JONESBORO 8,2620,60,907,975,0,0,CLAYTON
JONESBORO 9,1049,95,321,428,0,0,CLAYTON
JONESBORO 10,2241,115,786,920,0,0,CLAYTON
JONESBORO 11,2840,439,1145,1611,0,0,CLAYTON
JONESBORO 12,2062,83,864,957,0,0,CLAYTON
JONESBORO 13,1336,154,645,813,0,0,CLAYTON
JONESBORO 14,3390,684,1290,2007,0,0,CLAYTON
JONESBORO 15,1955,114,621,749,0,0,CLAYTON
JONESBORO 16,1572,78,570,667,0,0,CLAYTON
JONESBORO 17,3337,120,1453,1591,0,0,CLAYTON
JONESBORO 18,2263,174,882,1076,0,0,CLAYTON
LAKE CITY,2027,126,654,799,0,0,CLAYTON
LOVEJOY 1,2716,269,1239,1531,0,0,CLAYTON
LOVEJOY 2,2257,141,936,1088,0,0,CLAYTON
LOVEJOY 3,4240,405,1553,1982,0,0,CLAYTON
LOVEJOY 4,2983,159,1368,1544,0,0,CLAYTON
LOVEJOY 5,2207,108,951,1074,0,0,CLAYTON
MORROW 1,2104,112,877,1003,0,0,CLAYTON
MORROW 2,1475,274,418,706,0,0,CLAYTON
MORROW 3,3265,238,1208,1470,0,0,CLAYTON
MORROW 4,1464,161,480,656,0,0,CLAYTON
MORROW 5,3588,325,1684,2037,0,0,CLAYTON
MORROW 6,1994,193,797,1004,0,0,CLAYTON
MORROW 7,1452,137,487,635,0,0,CLAYTON
MORROW 8,2143,87,1098,1193,0,0,CLAYTON
MORROW 9,1030,89,431,532,0,0,CLAYTON
OAK 1,1608,27,607,640,0,0,CLAYTON
OAK 2,1039,33,377,416,0,0,CLAYTON
OAK 3,2856,62,962,1032,0,0,CLAYTON
OAK 4,2394,54,1036,1099,0,0,CLAYTON
PANHANDLE 1,2293,171,1144,1325,0,0,CLAYTON
PANHANDLE 2,2043,367,785,1164,0,0,CLAYTON
RIVERDALE 1,1764,88,946,1041,0,0,CLAYTON
RIVERDALE 2,2329,62,1021,1093,0,0,CLAYTON
RIVERDALE 3,2580,75,1159,1248,0,0,CLAYTON
RIVERDALE 4,3183,138,1184,1334,0,0,CLAYTON
RIVERDALE 5,2175,106,932,1051,0,0,CLAYTON
RIVERDALE 6,2371,148,705,867,0,0,CLAYTON
RIVERDALE 7,1766,96,524,636,0,0,CLAYTON
RIVERDALE 8,2115,137,1135,1289,0,0,CLAYTON
RIVERDALE 9,2022,105,839,956,0,0,CLAYTON
RIVERDALE 10,1942,25,655,686,0,0,CLAYTON
RIVERDALE 11,1394,69,745,825,0,0,CLAYTON
RIVERDALE 12,2214,92,1075,1178,0,0,CLAYTON
TOTALS:,129300,9897,51510,62287,0,0,CLAYTON
ACWORTH 1A,3876,1105,797,1955,0,0,COBB
ACWORTH 1B,3644,1048,606,1712,0,0,COBB
ACWORTH 1C,3568,670,798,1522,0,0,COBB
ADDISON 01,1919,731,379,1145,0,0,COBB
AUSTELL 1A,3232,360,1223,1626,0,0,COBB
BELLS FERRY 02,2438,795,468,1314,0,0,COBB
BELLS FERRY 03,4664,1517,735,2343,0,0,COBB
BIG SHANTY 01,2134,628,300,966,0,0,COBB
BIG SHANTY 02,2557,868,433,1339,0,0,COBB
BAKER 01,3456,818,691,1554,0,0,COBB
BIRNEY 01,1928,452,492,961,0,0,COBB
BIRNEY 02,2942,725,834,1605,0,0,COBB
BRYANT 01,1605,61,853,925,0,0,COBB
BRYANT 02,4031,77,1416,1515,0,0,COBB
BLACKWELL 01,2061,661,405,1110,0,0,COBB
CHATTAHOOCHEE 01,4192,434,972,1461,0,0,COBB
CHEATHAM HILL 02,2487,1013,394,1455,0,0,COBB
CHEATHAM HILL 03,3233,1221,698,1972,0,0,COBB
CHALKER 01,3332,743,586,1384,0,0,COBB
CLARKDALE 01,1365,293,347,657,0,0,COBB
CLARKDALE 02,3894,667,1283,1993,0,0,COBB
COOPER 01,3622,472,1216,1719,0,0,COBB
CHESTNUT RIDGE 01,2781,1291,447,1788,0,0,COBB
DICKERSON 01,2446,1093,461,1584,0,0,COBB
DOBBINS 01,3008,206,652,885,0,0,COBB
DOWELL 01,2615,902,613,1569,0,0,COBB
DODGEN 01,1799,831,293,1155,0,0,COBB
DURHAM 01,3444,1556,384,1988,0,0,COBB
DAVIS 01,1697,609,309,938,0,0,COBB
EASTSIDE 01,2528,1134,477,1671,0,0,COBB
EASTSIDE 02,3489,1560,688,2328,0,0,COBB
ELIZABETH 01,2772,455,527,1010,0,0,COBB
ELIZABETH 02,1852,688,341,1065,0,0,COBB
ELIZABETH 03,2389,989,431,1480,0,0,COBB
ELIZABETH 04,2135,513,483,1034,0,0,COBB
ELIZABETH 05,2487,852,521,1431,0,0,COBB
EAST PIEDMONT 01,1904,493,404,925,0,0,COBB
FAIR OAKS 01,2864,438,934,1406,0,0,COBB
FAIR OAKS 02,3196,449,804,1292,0,0,COBB
FAIR OAKS 04,1714,321,345,687,0,0,COBB
FAIR OAKS 05,1373,190,235,440,0,0,COBB
FULLERS PARK 01,2922,1185,577,1797,0,0,COBB
FORD 01,2620,1114,291,1438,0,0,COBB
FREY 01,1985,786,293,1118,0,0,COBB
GARRISON MILL 01,2387,944,416,1418,0,0,COBB
GRITTERS 01,3289,1123,588,1779,0,0,COBB
HARMONY LELAND 01,4198,460,1631,2134,0,0,COBB
HARRISON 01,2321,1049,286,1376,0,0,COBB
HIGHTOWER 01,3632,1496,666,2230,0,0,COBB
HAYES 01,3296,1387,461,1892,0,0,COBB
KENNESAW 1A,1800,466,303,795,0,0,COBB
KENNESAW 2A,2922,848,519,1432,0,0,COBB
KENNESAW 3A,4130,692,906,1660,0,0,COBB
KENNESAW 4A,2832,746,551,1361,0,0,COBB
KENNESAW 5A,4459,1306,942,2313,0,0,COBB
KELL 01,1666,626,275,947,0,0,COBB
KEMP 01,1682,795,243,1069,0,0,COBB
KEMP 02,3186,1193,623,1871,0,0,COBB
KEMP 03,3221,1515,404,1963,0,0,COBB
LASSSITER 01,3046,1249,439,1740,0,0,COBB
LINDLEY 01,3633,651,1261,1958,0,0,COBB
LOST MOUNTAIN 01,2697,1164,462,1654,0,0,COBB
LOST MOUNTAIN 02,3525,1621,359,2034,0,0,COBB
LOST MOUNTAIN 03,4109,1672,630,2362,0,0,COBB
LOST MOUNTAIN 04,2201,942,295,1272,0,0,COBB
LEWIS 01,1224,483,224,728,0,0,COBB
MABLETON 01,3642,757,1184,1988,0,0,COBB
MABLETON 02,2017,354,558,929,0,0,COBB
MABLETON 03,2278,653,563,1252,0,0,COBB
MABLETON 04,1286,480,294,802,0,0,COBB
MABRY 01,1511,727,224,977,0,0,COBB
MACLAND 01,2854,509,970,1507,0,0,COBB
MURDOCK 01,3387,1428,609,2109,0,0,COBB
MCEACHERN 01,2333,686,678,1397,0,0,COBB
MCCLESKEY 01,1520,626,283,940,0,0,COBB
MCCLURE 01,1320,597,196,820,0,0,COBB
MARIETTA 1A,2609,299,522,853,0,0,COBB
MARIETTA 2A,1840,822,350,1198,0,0,COBB
MARIETTA 2B,3404,939,790,1775,0,0,COBB
MARIETTA 3A,4732,1116,1189,2383,0,0,COBB
MARIETTA 4A,1620,892,251,1163,0,0,COBB
MARIETTA 4B,1516,445,304,772,0,0,COBB
MARIETTA 4C,2283,984,444,1454,0,0,COBB
MARIETTA 5A,1814,194,560,770,0,0,COBB
MARIETTA 5B,1919,172,447,636,0,0,COBB
MARIETTA 6A,1852,200,422,644,0,0,COBB
MARIETTA 6B,2236,748,492,1268,0,0,COBB
MARIETTA 7A,2775,180,553,760,0,0,COBB
MARS HILL 01,2594,1062,265,1373,0,0,COBB
MARS HILL 02,2192,684,367,1090,0,0,COBB
MOUNT BETHEL 01,3626,1638,593,2297,0,0,COBB
MOUNT BETHEL 03,2507,1004,440,1489,0,0,COBB
MOUNT BETHEL 04,2647,1164,497,1703,0,0,COBB
NORTH COBB 01,1783,586,340,955,0,0,COBB
NICKAJACK 01,3515,497,946,1480,0,0,COBB
NORTON PARK 01,3287,806,710,1577,0,0,COBB
NICHOLSON 01,2075,709,356,1106,0,0,COBB
OAKDALE 01,3000,869,723,1629,0,0,COBB
OREGON 01,1396,595,244,857,0,0,COBB
OREGON 02,2801,504,1024,1560,0,0,COBB
OREGON 03,2528,408,633,1074,0,0,COBB
OREGON 04,4368,704,1469,2221,0,0,COBB
OREGON 05,3026,941,836,1812,0,0,COBB
PEBBLEBROOK 01,3643,358,1493,1882,0,0,COBB
POWERS FERRY 01,2812,892,543,1502,0,0,COBB
PINE MOUNTAIN 01,2632,1172,321,1519,0,0,COBB
PINE MOUNTAIN 02,2392,1272,232,1523,0,0,COBB
POST OAK 01,3162,1357,448,1871,0,0,COBB
POPE 01,2668,1094,461,1614,0,0,COBB
PALMER 01,2128,761,333,1148,0,0,COBB
POWDER SPRINGS 1A,3042,700,974,1722,0,0,COBB
POWDER SPRINGS 2A,2507,315,908,1243,0,0,COBB
POWDER SPRINGS 3A,2629,448,901,1388,0,0,COBB
PITNER 01,2295,811,383,1247,0,0,COBB
ROCKY MOUNTAIN 01,2805,1096,483,1627,0,0,COBB
RIVERSIDE 01,1418,69,542,619,0,0,COBB
ROSWELL 01,4758,2007,851,2950,0,0,COBB
ROSWELL 02,3236,1416,513,1972,0,0,COBB
SANDY PLAINS 01,2271,772,444,1269,0,0,COBB
SHALLOWFORD FALL 01,2817,1229,546,1828,0,0,COBB
SIMPSON 01,1629,652,272,938,0,0,COBB
SEWELL MILL 01,2806,1133,487,1675,0,0,COBB
SEWELL MILL 03,3646,889,772,1716,0,0,COBB
SMYRNA 1A,2931,363,814,1214,0,0,COBB
SMYRNA 2A,3663,507,1041,1587,0,0,COBB
SMYRNA 3A,2948,577,772,1395,0,0,COBB
SMYRNA 4A,3587,950,917,1911,0,0,COBB
SMYRNA 5A,2782,467,729,1245,0,0,COBB
SMYRNA 6A,4267,1182,1105,2351,0,0,COBB
SMYRNA 7A,3533,1217,884,2167,0,0,COBB
SMYRNA 7B,4621,1066,1413,2545,0,0,COBB
SOPE CREEK 01,1952,910,386,1337,0,0,COBB
SOPE CREEK 02,3732,1348,685,2088,0,0,COBB
SOPE CREEK 03,2451,1054,359,1457,0,0,COBB
SWEETWATER 01,2385,641,687,1354,0,0,COBB
SWEETWATER 02,2224,253,636,917,0,0,COBB
TERRELL MILL 01,4160,721,964,1740,0,0,COBB
TIMBER RIDGE 01,2223,967,403,1428,0,0,COBB
VAUGHN 01,2690,1137,357,1534,0,0,COBB
VININGS 01,1760,457,394,881,0,0,COBB
VININGS 02,4691,864,1064,1973,0,0,COBB
VININGS 03,3423,815,846,1703,0,0,COBB
VININGS 04,2850,1172,525,1727,0,0,COBB
WADE GREEN 02,3563,1016,781,1863,0,0,COBB
WILEO 01,2539,1065,434,1535,0,0,COBB
TOTALS:,402020,118613,88349,213075,0,0,COBB
ALLGOOD ELEM,2163,136,1064,1216,0,0,DEKALB
ASHFORD DUNWOODY RD,2437,832,630,1496,0,0,DEKALB
ASHFORD PARK ELEM,2042,734,445,1224,0,0,DEKALB
ASHFORD PARKSIDE,2526,743,544,1318,0,0,DEKALB
AUSTIN,2235,1052,391,1474,0,0,DEKALB
AUSTIN DRIVE,1860,41,748,801,0,0,DEKALB
AVONDALE,2218,525,1018,1580,0,0,DEKALB
AVONDALE HIGH,2640,220,1243,1494,0,0,DEKALB
BETHUNE MIDDLE,3394,54,1642,1703,0,0,DEKALB
BOULDERCREST RD,1539,38,823,869,0,0,DEKALB
BOULEVARD,3572,189,1712,1948,0,0,DEKALB
BRIAR VISTA ELEM,2355,326,765,1124,0,0,DEKALB
BRIARCLIFF,2402,558,704,1286,0,0,DEKALB
BRIARLAKE ELEM,1484,475,461,962,0,0,DEKALB
BRIARWOOD,1845,367,419,811,0,0,DEKALB
BROCKETT,2027,479,605,1112,0,0,DEKALB
BROCKETT ELEM,2133,449,667,1155,0,0,DEKALB
BROOKHAVEN,2552,671,544,1261,0,0,DEKALB
BROWNS MILL ELEM,3026,80,1748,1843,0,0,DEKALB
BURGESS ELEM,2333,98,1092,1212,0,0,DEKALB
CANBY LANE ELEM,1531,30,805,843,0,0,DEKALB
CANDLER,2530,43,885,946,0,0,DEKALB
CANDLER-MURPHEY CAND,2267,114,1108,1229,0,0,DEKALB
CEDAR GROVE ELEM,3189,58,1718,1786,0,0,DEKALB
CEDAR GROVE MIDDLE,1377,19,577,600,0,0,DEKALB
CEDAR GROVE SOUTH,2920,78,1631,1720,0,0,DEKALB
CHAMBLEE,3408,725,829,1636,0,0,DEKALB
CHAPEL HILL ELEM,2585,53,1454,1517,0,0,DEKALB
CHESNUT ELEM,1914,333,466,833,0,0,DEKALB
CLAIREMONT EAST,2536,363,1296,1703,0,0,DEKALB
CLAIREMONT WEST,2786,375,1415,1837,0,0,DEKALB
CLAIRMONT ROAD,2676,378,965,1374,0,0,DEKALB
CLARKSTON,2332,158,807,986,0,0,DEKALB
CLIFTON ELEM,1267,38,682,723,0,0,DEKALB
COAN MIDDLE,2853,112,1153,1293,0,0,DEKALB
COLUMBIA DRIVE,1862,40,831,873,0,0,DEKALB
COLUMBIA ELEM,1213,9,489,506,0,0,DEKALB
COLUMBIA MIDDLE,1621,19,611,638,0,0,DEKALB
CORALWOOD,2693,646,1034,1719,0,0,DEKALB
COVINGTON,1907,86,579,684,0,0,DEKALB
COVINGTON HWY LIBRAR,870,8,158,167,0,0,DEKALB
CROSS KEYS HIGH,1726,335,375,728,0,0,DEKALB
CROSSROADS,2285,62,1189,1258,0,0,DEKALB
DORAVILLE NORTH,2067,282,512,817,0,0,DEKALB
DORAVILLE SOUTH,950,165,284,473,0,0,DEKALB
DRESDEN ELEM,2586,331,716,1085,0,0,DEKALB
DRUID HILLS HIGH,2042,291,809,1120,0,0,DEKALB
DUNAIRE ELEM,1572,114,674,800,0,0,DEKALB
DUNWOODY,2627,555,487,1072,0,0,DEKALB
DUNWOODY ELEM,1654,732,344,1105,0,0,DEKALB
DUNWOODY LIBRARY,2205,1070,361,1457,0,0,DEKALB
EAST LAKE ELEM,3096,134,1316,1474,0,0,DEKALB
EMBRY HILLS,1633,437,508,982,0,0,DEKALB
EMORY ROAD,875,94,282,381,0,0,DEKALB
EMORY SOUTH,2939,420,1006,1451,0,0,DEKALB
EPWORTH,3353,443,2569,3066,0,0,DEKALB
EVANSDALE ELEM,2329,525,699,1260,0,0,DEKALB
FAIRINGTON ELEM,3536,48,1440,1498,0,0,DEKALB
FERNBANK ELEM,2029,354,1067,1443,0,0,DEKALB
FLAKES MILL FIRE STA,1534,33,800,839,0,0,DEKALB
FLAT ROCK ELEM,2357,51,1257,1317,0,0,DEKALB
FLAT SHOALS,1666,26,764,799,0,0,DEKALB
FLAT SHOALS ELEM,1743,28,804,843,0,0,DEKALB
FLAT SHOALS LIBRARY,1956,19,838,866,0,0,DEKALB
FLAT SHOALS PARKWAY,2766,58,1547,1619,0,0,DEKALB
FREEDOM MIDDLE,2282,135,993,1138,0,0,DEKALB
GEORGETOWN SQUARE,3434,653,616,1310,0,0,DEKALB
GLENHAVEN,1275,80,559,646,0,0,DEKALB
GLENNWOOD,1706,151,816,986,0,0,DEKALB
GLENWOOD ROAD,1528,46,603,660,0,0,DEKALB
GRESHAM ROAD,2426,63,1124,1206,0,0,DEKALB
HAMBRICK ELEM,2536,167,1003,1193,0,0,DEKALB
HARRIS-MARGARET HARR,1924,215,579,815,0,0,DEKALB
HARRIS-NARVIE J. HAR,2978,41,1590,1645,0,0,DEKALB
HAWTHORNE ELEM,3335,591,1019,1646,0,0,DEKALB
HENDERSON MILL ELEM,2456,656,754,1440,0,0,DEKALB
HUGH HOWELL,1482,513,492,1024,0,0,DEKALB
HUNTLEY HILLS ELEM,2550,420,670,1138,0,0,DEKALB
IDLEWOOD ELEM,1836,211,642,865,0,0,DEKALB
INDIAN CREEK ELEM,1583,78,515,606,0,0,DEKALB
JOHNSON ESTATES,1018,203,450,664,0,0,DEKALB
JOLLY ELEM,2175,82,682,774,0,0,DEKALB
KELLEY CHAPEL ROAD,1087,28,670,700,0,0,DEKALB
KELLEY LAKE ELEM,2307,45,1046,1099,0,0,DEKALB
KING-ML KING JR HIGH,3355,54,2002,2065,0,0,DEKALB
KINGSLEY ELEM,2139,972,434,1446,0,0,DEKALB
KNOLLWOOD ELEM,1875,55,844,916,0,0,DEKALB
KITTREDGE ELEM,1874,642,484,1171,0,0,DEKALB
LAKESIDE HIGH,2669,824,887,1750,0,0,DEKALB
LAVISTA,2108,351,574,954,0,0,DEKALB
LAVISTA ROAD,1752,353,612,995,0,0,DEKALB
LIN-MARY LIN ELEM,2567,68,271,349,0,0,DEKALB
LITHONIA,1018,37,380,424,0,0,DEKALB
LITHONIA HIGH,2379,27,1088,1127,0,0,DEKALB
LIVSEY ELEM,1235,424,373,822,0,0,DEKALB
MARBUT ELEM,3243,27,1461,1502,0,0,DEKALB
MATHIS-BOB MATHIS EL,2343,81,1381,1476,0,0,DEKALB
MCLENDON,1857,167,674,867,0,0,DEKALB
MCNAIR ACADEMY,1545,35,755,800,0,0,DEKALB
MCNAIR HIGH,2893,84,1300,1400,0,0,DEKALB
MCNAIR MIDDLE,1886,29,824,867,0,0,DEKALB
MCWILLIAMS,1702,35,943,986,0,0,DEKALB
MEADOWVIEW ELEM,2695,56,1287,1356,0,0,DEKALB
MEDLOCK ELEM,1848,294,780,1106,0,0,DEKALB
MEMORIAL NORTH,2360,144,780,944,0,0,DEKALB
MEMORIAL SOUTH,1454,54,463,528,0,0,DEKALB
METROPOLITAN,2289,79,1038,1150,0,0,DEKALB
MIDVALE ELEM,1725,675,474,1179,0,0,DEKALB
MIDVALE ROAD,2372,533,754,1320,0,0,DEKALB
MIDWAY ELEM,2247,70,838,929,0,0,DEKALB
MILLER-ELDRIDGE L. M,2526,88,1196,1295,0,0,DEKALB
MILLER GROVE HIGH,2300,35,1272,1322,0,0,DEKALB
MILLER GROVE MIDDLE,3006,31,1199,1239,0,0,DEKALB
MILLER GROVE ROAD,1797,46,1054,1103,0,0,DEKALB
MONTCLAIR ELEM,1399,76,410,497,0,0,DEKALB
MONTGOMERY ELEM,2041,703,468,1211,0,0,DEKALB
MONTREAL,1344,252,445,715,0,0,DEKALB
MT. VERNON EAST,2216,1025,385,1438,0,0,DEKALB
MT. VERNON WEST,1930,727,423,1175,0,0,DEKALB
NORTH DECATUR,1342,119,471,607,0,0,DEKALB
NORTH HAIRSTON,1663,106,668,787,0,0,DEKALB
NORTH PEACHTREE,1469,295,369,681,0,0,DEKALB
NORTHLAKE,1244,335,435,793,0,0,DEKALB
OAK GROVE ELEM,1874,531,599,1159,0,0,DEKALB
OAK VIEW ELEM,3621,51,1825,1887,0,0,DEKALB
OAKCLIFF ELEM,1301,197,319,538,0,0,DEKALB
OAKHURST,2499,178,1370,1572,0,0,DEKALB
PANOLA,1165,45,649,698,0,0,DEKALB
PANOLA ROAD,1561,9,370,380,0,0,DEKALB
PANOLA WAY ELEM,1542,25,592,624,0,0,DEKALB
PEACHCREST ELEM,1647,76,624,717,0,0,DEKALB
PEACHTREE MIDDLE,2629,381,686,1092,0,0,DEKALB
PINE LAKE,478,42,261,305,0,0,DEKALB
PINEY GROVE,1378,22,507,541,0,0,DEKALB
PLEASANTDALE ELEM,3011,222,769,1018,0,0,DEKALB
PONCE DE LEON,1988,189,936,1149,0,0,DEKALB
PRINCETON ELEM,1709,43,856,909,0,0,DEKALB
RAINBOW ELEM,2974,75,1624,1709,0,0,DEKALB
REDAN ELEM,2306,44,1199,1251,0,0,DEKALB
REDAN MIDDLE,1932,65,964,1037,0,0,DEKALB
REDAN ROAD,2131,44,1020,1076,0,0,DEKALB
REDAN-TROTTI LIBRARY,2928,52,1418,1478,0,0,DEKALB
REHOBOTH,1754,367,626,1027,0,0,DEKALB
RENFROE MIDDLE,1354,104,784,908,0,0,DEKALB
ROCK CHAPEL ELEM,2090,40,1025,1072,0,0,DEKALB
ROCK CHAPEL ROAD,2606,125,1317,1446,0,0,DEKALB
ROCKBRIDGE ELEM,2604,102,914,1029,0,0,DEKALB
ROCKBRIDGE ROAD,2783,87,1605,1700,0,0,DEKALB
ROWLAND ELEM,2686,84,1003,1100,0,0,DEKALB
ROWLAND ROAD,1567,99,754,857,0,0,DEKALB
SAGAMORE HILLS ELEM,2535,752,946,1734,0,0,DEKALB
SALEM MIDDLE,2738,53,1590,1649,0,0,DEKALB
SCOTT,2045,267,878,1170,0,0,DEKALB
SHADOW ROCK ELEM,3272,97,1803,1919,0,0,DEKALB
SHAMROCK,1352,311,502,833,0,0,DEKALB
SHAW-ROBERT SHAW ELE,2794,182,1061,1274,0,0,DEKALB
SILVER LAKE,3464,1009,674,1726,0,0,DEKALB
SKYLAND,1642,457,394,886,0,0,DEKALB
SMOKE RISE ELEM,1801,650,603,1269,0,0,DEKALB
SNAPFINGER ELEM,1535,28,907,941,0,0,DEKALB
SNAPFINGER ROAD NORT,1895,57,843,913,0,0,DEKALB
SNAPFINGER ROAD SOUT,1596,44,915,970,0,0,DEKALB
SOUTH DESHON,2643,51,1307,1366,0,0,DEKALB
SOUTH HAIRSTON,2764,74,1277,1367,0,0,DEKALB
STEPHENSON HIGH,2677,81,1347,1439,0,0,DEKALB
STEPHENSON MIDDLE,2797,102,1433,1547,0,0,DEKALB
STONE MILL ELEM,2442,51,631,691,0,0,DEKALB
STONE MOUNTAIN CHAMP,2165,125,836,976,0,0,DEKALB
STONE MOUNTAIN ELEM,1857,345,714,1081,0,0,DEKALB
STONE MOUNTAIN LIBRA,1119,109,377,495,0,0,DEKALB
STONE MOUNTAIN MIDDL,2254,78,544,630,0,0,DEKALB
STONEVIEW ELEM,1317,25,494,523,0,0,DEKALB
TERRY MILL ELEM,2038,38,954,1003,0,0,DEKALB
TILLY MILL ROAD,1310,551,281,861,0,0,DEKALB
TONEY ELEM,1343,19,687,710,0,0,DEKALB
TUCKER,2462,773,709,1544,0,0,DEKALB
TUCKER LIBRARY,2078,499,639,1151,0,0,DEKALB
VALLEY BROOK,717,115,276,411,0,0,DEKALB
WADSWORTH ELEM,2397,39,1108,1159,0,0,DEKALB
WARREN TECH,1728,370,462,861,0,0,DEKALB
WESLEY CHAPEL LIBRAR,2485,46,1491,1542,0,0,DEKALB
WHITE OAK,2143,27,829,867,0,0,DEKALB
WINNONA PARK ELEM,1735,152,1013,1180,0,0,DEKALB
WINTERS CHAPEL,1220,449,303,782,0,0,DEKALB
WOODRIDGE ELEM,2684,84,1284,1388,0,0,DEKALB
WOODROW ROAD,4622,113,1957,2083,0,0,DEKALB
WOODWARD ELEM,1858,263,491,775,0,0,DEKALB
WYNBROOKE ELEM,2688,110,1503,1629,0,0,DEKALB
YOUNG ROAD,1493,36,870,913,0,0,DEKALB
TOTALS:,404094,44676,162274,210639,0,0,DEKALB
01A,2625,119,1235,1381,0,0,FULTON
01B,3124,217,1494,1753,0,0,FULTON
01C1,812,10,276,288,0,0,FULTON
01D,825,27,378,407,0,0,FULTON
01E,2288,206,1098,1332,0,0,FULTON
01F,960,5,255,264,0,0,FULTON
01G,1578,35,605,652,0,0,FULTON
01H,626,4,216,220,0,0,FULTON
01J,1925,21,744,773,0,0,FULTON
01P,977,7,421,431,0,0,FULTON
01R,1129,4,348,354,0,0,FULTON
01S,1360,10,545,558,0,0,FULTON
01T,1145,43,386,442,0,0,FULTON
02A,3102,310,974,1309,0,0,FULTON
02B,2871,98,648,756,0,0,FULTON
02C,1573,55,577,645,0,0,FULTON
02D,2986,116,1085,1219,0,0,FULTON
02E,1657,102,847,973,0,0,FULTON
02F1,2350,163,891,1077,0,0,FULTON
02F2,552,17,177,201,0,0,FULTON
02G,2584,139,980,1140,0,0,FULTON
02J,1885,132,712,864,0,0,FULTON
02K,1206,83,441,541,0,0,FULTON
02L1,4462,308,1338,1689,0,0,FULTON
02L2,861,90,251,347,0,0,FULTON
02S,620,11,229,246,0,0,FULTON
02W,378,20,100,122,0,0,FULTON
03A,1609,11,522,534,0,0,FULTON
03B,446,2,115,117,0,0,FULTON
03C,1300,7,500,507,0,0,FULTON
03D,803,2,272,280,0,0,FULTON
03E,1615,7,534,546,0,0,FULTON
03F,1463,99,388,504,0,0,FULTON
03G,513,5,162,169,0,0,FULTON
03H,798,4,245,251,0,0,FULTON
03I,1080,75,202,291,0,0,FULTON
03L,492,3,141,146,0,0,FULTON
03M,682,59,191,269,0,0,FULTON
03N,1758,9,481,497,0,0,FULTON
03P1A,2357,84,543,645,0,0,FULTON
03S,583,4,230,237,0,0,FULTON
03T,1308,21,476,506,0,0,FULTON
04A,1024,8,352,365,0,0,FULTON
04B,1757,15,332,353,0,0,FULTON
04C,101,1,38,40,0,0,FULTON
04D,1190,9,521,534,0,0,FULTON
04F,1736,42,523,573,0,0,FULTON
04G,592,4,195,200,0,0,FULTON
04I,2039,33,310,349,0,0,FULTON
04J,908,1,129,130,0,0,FULTON
04K,1889,27,762,793,0,0,FULTON
04L,1233,18,455,478,0,0,FULTON
04M,580,6,192,200,0,0,FULTON
04S,1792,13,840,860,0,0,FULTON
04T,922,4,421,426,0,0,FULTON
04V,2123,13,671,689,0,0,FULTON
04W,1434,9,260,276,0,0,FULTON
04X1,1508,9,670,683,0,0,FULTON
04X2,595,7,200,209,0,0,FULTON
05A1,1966,87,812,922,0,0,FULTON
05A2,2051,102,800,922,0,0,FULTON
05B,1372,19,470,502,0,0,FULTON
05D,243,2,36,38,0,0,FULTON
05F,12,1,2,4,0,0,FULTON
05J,468,30,211,244,0,0,FULTON
05K,1806,32,538,578,0,0,FULTON
06B,1566,158,580,753,0,0,FULTON
06D,2611,299,816,1141,0,0,FULTON
06E,1869,183,607,799,0,0,FULTON
06F,2362,273,854,1144,0,0,FULTON
06G,400,36,165,204,0,0,FULTON
06H,1530,297,650,963,0,0,FULTON
06I,2395,162,532,702,0,0,FULTON
06J,2310,295,940,1257,0,0,FULTON
06L1,796,132,377,512,0,0,FULTON
06L2,612,136,245,385,0,0,FULTON
06N,1754,336,448,795,0,0,FULTON
06Q,422,14,98,113,0,0,FULTON
06R,1473,197,606,811,0,0,FULTON
06S,2935,464,1300,1786,0,0,FULTON
07A,4524,1217,952,2193,0,0,FULTON
07B,2526,1063,444,1522,0,0,FULTON
07C,3220,885,676,1575,0,0,FULTON
07D,3231,642,580,1245,0,0,FULTON
07E,1662,296,501,804,0,0,FULTON
07F,2411,614,556,1186,0,0,FULTON
07H,1738,525,503,1040,0,0,FULTON
07J,2398,516,600,1129,0,0,FULTON
07M,1856,292,372,677,0,0,FULTON
07N,1518,108,350,475,0,0,FULTON
08A,2537,882,506,1403,0,0,FULTON
08B,2902,1044,511,1582,0,0,FULTON
08C,1241,586,179,767,0,0,FULTON
08D,937,475,200,677,0,0,FULTON
08E,2262,999,511,1525,0,0,FULTON
08F1,1922,901,355,1273,0,0,FULTON
08G,2340,529,509,1046,0,0,FULTON
08H,2130,861,498,1363,0,0,FULTON
08J,2269,842,490,1345,0,0,FULTON
08K,885,193,188,389,0,0,FULTON
08L,2982,528,772,1326,0,0,FULTON
08M,1321,610,247,865,0,0,FULTON
08N1,703,324,123,451,0,0,FULTON
08N2,981,327,251,583,0,0,FULTON
08P,1062,123,312,442,0,0,FULTON
09A,2552,367,758,1156,0,0,FULTON
09B,337,2,119,122,0,0,FULTON
09C,2380,21,1119,1149,0,0,FULTON
09D,1612,7,630,642,0,0,FULTON
09E,1904,28,720,755,0,0,FULTON
09F,2909,838,739,1608,0,0,FULTON
09G1,377,34,113,150,0,0,FULTON
09G2,1925,251,528,792,0,0,FULTON
09H,746,56,209,269,0,0,FULTON
09I,1136,8,416,424,0,0,FULTON
09K,2102,9,612,623,0,0,FULTON
09L,1479,23,538,565,0,0,FULTON
09M,1478,224,464,714,0,0,FULTON
10A,2388,11,1340,1361,0,0,FULTON
10B,555,8,359,369,0,0,FULTON
10C,2071,7,777,788,0,0,FULTON
10D,3386,15,1374,1402,0,0,FULTON
10F,897,12,472,486,0,0,FULTON
10G,1076,15,635,652,0,0,FULTON
10H,2106,18,899,922,0,0,FULTON
10I,316,6,205,212,0,0,FULTON
10J,742,3,311,317,0,0,FULTON
10K,1274,14,726,744,0,0,FULTON
10L,2571,26,1524,1564,0,0,FULTON
10M,1998,17,882,911,0,0,FULTON
10P,1150,4,504,510,0,0,FULTON
10R,631,2,261,265,0,0,FULTON
11B,3889,34,2092,2134,0,0,FULTON
11C,2231,26,1334,1367,0,0,FULTON
11E1,899,19,419,439,0,0,FULTON
11E2,720,8,395,407,0,0,FULTON
11E3,2427,16,1050,1069,0,0,FULTON
11G,1822,17,552,575,0,0,FULTON
11H,564,4,282,287,0,0,FULTON
11J,1457,13,733,748,0,0,FULTON
11K,1516,20,853,877,0,0,FULTON
11M,2573,12,1146,1167,0,0,FULTON
11N,1846,16,1078,1098,0,0,FULTON
11P,1538,11,706,722,0,0,FULTON
11R,1475,3,458,466,0,0,FULTON
12A,597,10,280,295,0,0,FULTON
12B,1884,42,819,874,0,0,FULTON
12C,1231,19,514,541,0,0,FULTON
12D,961,6,342,351,0,0,FULTON
12E1,1123,15,346,362,0,0,FULTON
12F,709,3,267,276,0,0,FULTON
12G,666,14,329,345,0,0,FULTON
12H,2829,32,1034,1072,0,0,FULTON
12I,782,2,291,295,0,0,FULTON
12J,2093,22,788,814,0,0,FULTON
12K,2249,32,783,822,0,0,FULTON
12L,470,4,174,179,0,0,FULTON
12M,230,1,109,110,0,0,FULTON
12N,692,5,229,234,0,0,FULTON
12S,1415,11,594,610,0,0,FULTON
12T,1807,10,723,738,0,0,FULTON
AP01A,1755,578,240,828,0,0,FULTON
AP01B,648,93,105,206,0,0,FULTON
AP01C,1900,639,299,953,0,0,FULTON
AP01D,656,149,112,266,0,0,FULTON
AP02B,356,90,61,153,0,0,FULTON
AP03,640,60,144,211,0,0,FULTON
AP04A,1349,589,188,794,0,0,FULTON
AP04B,317,111,53,166,0,0,FULTON
AP05,3703,1371,557,1947,0,0,FULTON
AP06,1524,566,226,807,0,0,FULTON
AP07A,2654,724,507,1264,0,0,FULTON
AP07B,1219,434,177,618,0,0,FULTON
AP09A,3603,1077,613,1722,0,0,FULTON
AP09B,641,145,121,274,0,0,FULTON
AP021,2304,679,373,1082,0,0,FULTON
AP022,1755,465,332,822,0,0,FULTON
AP10,849,317,123,454,0,0,FULTON
AP12A,537,98,126,231,0,0,FULTON
AP12B,646,62,112,176,0,0,FULTON
AP12C,912,292,152,451,0,0,FULTON
AP13,2168,609,333,956,0,0,FULTON
AP14,2605,897,425,1355,0,0,FULTON
CH01,190,22,50,74,0,0,FULTON
CH02,260,57,97,154,0,0,FULTON
CH03,272,115,51,169,0,0,FULTON
CH04A,412,155,97,258,0,0,FULTON
CH05,328,151,36,193,0,0,FULTON
CP01B,335,45,96,146,0,0,FULTON
CP011,893,108,321,435,0,0,FULTON
CP012,957,134,398,536,0,0,FULTON
CP02,813,66,283,357,0,0,FULTON
CP04,117,1,22,23,0,0,FULTON
CP05B,90,1,35,36,0,0,FULTON
CP051,1379,23,675,700,0,0,FULTON
CP06,369,2,93,95,0,0,FULTON
CP07A,1077,5,211,218,0,0,FULTON
CP081,266,1,60,61,0,0,FULTON
EP01,4363,196,1665,1891,0,0,FULTON
EP02,4425,195,1728,1948,0,0,FULTON
EP03,4829,129,2505,2653,0,0,FULTON
EP04,5058,66,2106,2187,0,0,FULTON
FA01A,6066,391,2580,2992,0,0,FULTON
FA01B,506,9,227,241,0,0,FULTON
HP01,2479,368,688,1085,0,0,FULTON
JC01,3829,987,686,1687,0,0,FULTON
JC02,1383,362,243,614,0,0,FULTON
JC03A,462,136,76,213,0,0,FULTON
JC03B,1156,269,240,520,0,0,FULTON
JC04A,3539,1042,620,1683,0,0,FULTON
JC04B,209,51,36,88,0,0,FULTON
JC05,1795,447,312,772,0,0,FULTON
JC06,2210,740,293,1044,0,0,FULTON
JC07,3223,872,567,1467,0,0,FULTON
JC08,2333,756,459,1242,0,0,FULTON
JC09,2396,603,478,1101,0,0,FULTON
JC10,1943,483,400,912,0,0,FULTON
JC11,2713,919,394,1340,0,0,FULTON
JC12,2066,982,298,1299,0,0,FULTON
JC13A,1902,880,215,1105,0,0,FULTON
JC13B,276,151,12,163,0,0,FULTON
JC14,2061,750,286,1048,0,0,FULTON
JC15,618,128,127,265,0,0,FULTON
JC16,1687,507,318,846,0,0,FULTON
JC17,280,80,58,139,0,0,FULTON
JC18A,2422,895,414,1327,0,0,FULTON
JC18B,186,72,43,116,0,0,FULTON
JC19,3161,995,681,1711,0,0,FULTON
ML011,1809,651,229,893,0,0,FULTON
ML012,421,189,47,241,0,0,FULTON
ML01B,52,17,5,22,0,0,FULTON
ML021,1298,534,118,661,0,0,FULTON
ML022,221,79,17,97,0,0,FULTON
ML023,1112,499,102,606,0,0,FULTON
ML024,86,47,3,50,0,0,FULTON
ML03,3204,1315,301,1645,0,0,FULTON
ML04A,1366,503,173,694,0,0,FULTON
ML04B,1031,440,133,581,0,0,FULTON
ML04C,74,30,9,40,0,0,FULTON
ML05A,12,6,8,14,0,0,FULTON
ML05B,314,134,37,173,0,0,FULTON
ML05C,3484,990,559,1570,0,0,FULTON
ML06A,1514,215,280,507,0,0,FULTON
ML06B,2279,440,499,963,0,0,FULTON
ML071,82,28,13,42,0,0,FULTON
ML072,870,331,97,430,0,0,FULTON
ML07A,571,217,63,289,0,0,FULTON
MP01,397,111,116,230,0,0,FULTON
PA01,1916,57,213,271,0,0,FULTON
RW01,4059,1534,714,2280,0,0,FULTON
RW02,3339,1157,632,1842,0,0,FULTON
RW03,3392,772,722,1533,0,0,FULTON
RW04,1592,598,398,1012,0,0,FULTON
RW05,1701,284,347,644,0,0,FULTON
RW06,2430,709,499,1232,0,0,FULTON
RW07A,1122,48,267,321,0,0,FULTON
RW07B,307,56,85,149,0,0,FULTON
RW08,1928,744,308,1076,0,0,FULTON
RW09,2442,1051,329,1398,0,0,FULTON
RW10,2836,1126,483,1650,0,0,FULTON
RW11A,2266,653,460,1138,0,0,FULTON
RW12,3083,1203,557,1804,0,0,FULTON
RW13,2954,1028,552,1617,0,0,FULTON
RW15,2741,1118,390,1535,0,0,FULTON
RW16,1575,590,293,902,0,0,FULTON
RW17,2352,590,567,1181,0,0,FULTON
RW18,1991,841,311,1172,0,0,FULTON
RW19,1742,672,264,950,0,0,FULTON
RW20,2187,813,447,1276,0,0,FULTON
RW21A,2760,1086,445,1555,0,0,FULTON
RW21B,4,1,4,5,0,0,FULTON
RW22A,3327,629,658,1313,0,0,FULTON
SC01B,3229,46,2024,2080,0,0,FULTON
SC02,1171,14,789,808,0,0,FULTON
SC04,859,231,272,514,0,0,FULTON
SC05A,494,8,278,290,0,0,FULTON
SC05B,2456,35,1357,1397,0,0,FULTON
SC05D,1901,95,994,1094,0,0,FULTON
SC07A,3905,245,2022,2284,0,0,FULTON
SC08B,2592,50,1345,1406,0,0,FULTON
SC08D,409,4,206,210,0,0,FULTON
SC08E,333,1,163,165,0,0,FULTON
SC08F,626,14,247,264,0,0,FULTON
SC09A,2598,44,1158,1205,0,0,FULTON
SC09B,1379,20,750,773,0,0,FULTON
SC10,1369,10,504,518,0,0,FULTON
SC11A,1184,13,637,653,0,0,FULTON
SC11B,1320,17,700,719,0,0,FULTON
SC13A,4603,95,2476,2577,0,0,FULTON
SC13B,1806,59,957,1021,0,0,FULTON
SC14,1023,7,330,339,0,0,FULTON
SC16,3574,35,2125,2168,0,0,FULTON
SC17A,39,1,19,20,0,0,FULTON
SC17C,949,20,506,529,0,0,FULTON
SC18A,447,1,215,219,0,0,FULTON
SC18B,3786,71,2333,2409,0,0,FULTON
SC19A,150,3,93,97,0,0,FULTON
SC19B,1090,18,517,539,0,0,FULTON
SC211,820,13,434,448,0,0,FULTON
SC212,2250,55,1007,1066,0,0,FULTON
SC23A,4037,51,2019,2080,0,0,FULTON
SC23B,369,12,183,198,0,0,FULTON
SC27,1781,24,1014,1045,0,0,FULTON
SC29A,2336,25,1268,1300,0,0,FULTON
SC30A,131,1,80,81,0,0,FULTON
SC30B,1088,11,543,557,0,0,FULTON
SS01,2597,1160,502,1676,0,0,FULTON
SS02A,1034,233,223,465,0,0,FULTON
SS02B,1054,121,267,396,0,0,FULTON
SS03,1194,360,311,685,0,0,FULTON
SS04,2496,485,576,1084,0,0,FULTON
SS05,1617,669,400,1080,0,0,FULTON
SS06,1179,498,254,759,0,0,FULTON
SS07A,803,318,146,467,0,0,FULTON
SS07B,402,111,73,192,0,0,FULTON
SS07C,636,182,112,299,0,0,FULTON
SS08A,845,149,208,367,0,0,FULTON
SS08B,563,206,104,312,0,0,FULTON
SS08C,526,96,118,219,0,0,FULTON
SS08D,889,172,214,390,0,0,FULTON
SS09A,2603,1091,551,1664,0,0,FULTON
SS09B,2931,1218,598,1825,0,0,FULTON
SS11A,3125,654,635,1313,0,0,FULTON
SS11B,1041,161,239,405,0,0,FULTON
SS11C,227,18,47,67,0,0,FULTON
SS11D,273,75,68,145,0,0,FULTON
SS12,2178,712,488,1209,0,0,FULTON
SS13A,1273,374,282,665,0,0,FULTON
SS13B,935,175,154,334,0,0,FULTON
SS14,1173,507,237,756,0,0,FULTON
SS15A,1950,109,471,594,0,0,FULTON
SS15B,1339,191,316,522,0,0,FULTON
SS16,1894,848,389,1250,0,0,FULTON
SS17,2998,1008,534,1561,0,0,FULTON
SS18A,573,239,124,366,0,0,FULTON
SS18B,218,93,51,145,0,0,FULTON
SS19A,2523,274,581,870,0,0,FULTON
SS19B,1825,276,408,694,0,0,FULTON
SS20,1681,292,327,632,0,0,FULTON
SS22,2347,548,516,1086,0,0,FULTON
SS25,1321,516,242,767,0,0,FULTON
SS26,2908,179,699,894,0,0,FULTON
SS29A,2374,546,485,1054,0,0,FULTON
SS31,912,278,221,503,0,0,FULTON
UC01A,2821,32,1057,1098,0,0,FULTON
UC01B,300,1,89,90,0,0,FULTON
UC02A,5325,99,2488,2602,0,0,FULTON
UC02B,25,5,4,9,0,0,FULTON
UC031,1901,209,636,851,0,0,FULTON
UC032,16,2,4,6,0,0,FULTON
UC034,36,2,15,17,0,0,FULTON
UC035,7,2,3,5,0,0,FULTON
TOTALS:,561266,90427,173523,267542,0,0,FULTON
HARBINS A,4016,1303,747,2122,0,0,GWINNETT
ROCKBRIDGE A,2685,417,931,1376,0,0,GWINNETT
DACULA,3307,909,766,1719,0,0,GWINNETT
SUWANEE A,1300,318,224,555,0,0,GWINNETT
BAYCREEK A,2249,868,470,1361,0,0,GWINNETT
GOODWINS A,2879,731,654,1440,0,0,GWINNETT
DULUTH A,3545,998,743,1796,0,0,GWINNETT
DUNCANS A,3536,1523,440,2016,0,0,GWINNETT
PUCKETTS A,3549,1387,463,1893,0,0,GWINNETT
CATES A,1934,713,332,1068,0,0,GWINNETT
BERKSHIRE A,1680,269,394,681,0,0,GWINNETT
BERKSHIRE B,3567,532,1011,1589,0,0,GWINNETT
DUNCANS C,2380,1086,262,1384,0,0,GWINNETT
GARNERS A,2870,1114,529,1695,0,0,GWINNETT
LAWRENCEVILLE A,2697,647,475,1156,0,0,GWINNETT
LAWRENCEVILLE B,3360,668,995,1699,0,0,GWINNETT
MARTINS A,2109,232,614,859,0,0,GWINNETT
MARTINS B,2180,413,539,975,0,0,GWINNETT
MARTINS C,1839,479,422,929,0,0,GWINNETT
PINCKNEYVILLE A,1846,134,514,671,0,0,GWINNETT
PINCKNEYVILLE B,2221,237,479,742,0,0,GWINNETT
PINCKNEYVILLE C,1357,515,341,885,0,0,GWINNETT
PINCKNEYVILLE D,1402,121,355,482,0,0,GWINNETT
SUGAR HILL A,2695,705,371,1110,0,0,GWINNETT
SUGAR HILL B,3393,985,502,1528,0,0,GWINNETT
HOG MOUNTAIN A,3211,732,625,1395,0,0,GWINNETT
HOG MOUNTAIN B,3319,1227,589,1866,0,0,GWINNETT
ROCKYCREEK A,3847,1355,668,2074,0,0,GWINNETT
CATES B,1333,560,215,807,0,0,GWINNETT
CATES C,2092,503,594,1117,0,0,GWINNETT
HOG MOUNTAIN D,2249,782,360,1175,0,0,GWINNETT
BERKSHIRE D,2230,813,455,1303,0,0,GWINNETT
BERKSHIRE E,1608,616,315,947,0,0,GWINNETT
BERKSHIRE F,1459,299,298,621,0,0,GWINNETT
CATES D,2492,848,492,1385,0,0,GWINNETT
CATES E,2232,865,491,1399,0,0,GWINNETT
PINCKNEYVILLE E,1109,132,342,485,0,0,GWINNETT
PINCKNEYVILLE F,1409,179,257,452,0,0,GWINNETT
DUNCANS D,4282,1759,439,2261,0,0,GWINNETT
PINCKNEYVILLE H,2930,886,684,1625,0,0,GWINNETT
BAYCREEK B,3894,794,1171,1997,0,0,GWINNETT
LAWRENCEVILLE C,2190,774,320,1138,0,0,GWINNETT
MARTINS D,1461,113,397,520,0,0,GWINNETT
ROCKBRIDGE B,2895,495,915,1440,0,0,GWINNETT
GARNERS B,2418,624,774,1426,0,0,GWINNETT
CATES F,1459,613,235,869,0,0,GWINNETT
CATES G,2390,1097,325,1451,0,0,GWINNETT
DULUTH B,2623,765,465,1274,0,0,GWINNETT
GARNERS C,1499,417,310,761,0,0,GWINNETT
PINCKNEYVILLE I,1627,229,495,740,0,0,GWINNETT
PINCKNEYVILLE J,1747,111,408,536,0,0,GWINNETT
BERKSHIRE G,1785,675,395,1103,0,0,GWINNETT
CATES H,2612,506,701,1238,0,0,GWINNETT
SUGAR HILL C,3366,1138,466,1669,0,0,GWINNETT
SUGAR HILL D,2696,818,410,1275,0,0,GWINNETT
DULUTH C,1844,495,368,903,0,0,GWINNETT
DULUTH D,3211,633,690,1383,0,0,GWINNETT
PINCKNEYVILLE K,2461,241,605,868,0,0,GWINNETT
PINCKNEYVILLE N,1930,205,664,889,0,0,GWINNETT
LAWRENCEVILLE D,3229,346,745,1109,0,0,GWINNETT
LAWRENCEVILLE E,1789,636,339,1007,0,0,GWINNETT
PINCKNEYVILLE L,1990,923,361,1325,0,0,GWINNETT
PINCKNEYVILLE M,2162,1015,325,1377,0,0,GWINNETT
GARNERS D,2389,417,885,1326,0,0,GWINNETT
BERKSHIRE H,1246,245,271,529,0,0,GWINNETT
PINCKNEYVILLE O,2411,231,609,861,0,0,GWINNETT
PUCKETTS E,3503,964,604,1606,0,0,GWINNETT
CATES I,2794,908,544,1479,0,0,GWINNETT
CATES J,2420,724,555,1326,0,0,GWINNETT
GOODWINS B,3119,1098,507,1668,0,0,GWINNETT
LAWRENCEVILLE F,2883,447,948,1417,0,0,GWINNETT
MARTINS E,4295,145,1075,1244,0,0,GWINNETT
PINCKNEYVILLE P,1447,535,378,942,0,0,GWINNETT
PINCKNEYVILLE Q,1281,73,402,487,0,0,GWINNETT
ROCKBRIDGE C,3512,499,1476,2013,0,0,GWINNETT
ROCKBRIDGE D,2726,538,954,1505,0,0,GWINNETT
GOODWINS C,3637,739,750,1535,0,0,GWINNETT
BAYCREEK K,2625,781,563,1375,0,0,GWINNETT
CATES K,2096,780,342,1164,0,0,GWINNETT
BAYCREEK C,4139,1153,1058,2254,0,0,GWINNETT
CATES L,3141,845,741,1635,0,0,GWINNETT
DULUTH E,3578,527,783,1339,0,0,GWINNETT
GOODWINS D,3262,886,619,1563,0,0,GWINNETT
LAWRENCEVILLE G,2082,310,585,916,0,0,GWINNETT
LAWRENCEVILLE H,3140,1004,544,1596,0,0,GWINNETT
MARTINS F,1799,213,434,663,0,0,GWINNETT
PINCKNEYVILLE S,2084,453,470,954,0,0,GWINNETT
ROCKBRIDGE E,3133,430,1064,1535,0,0,GWINNETT
SUGAR HILL E,2100,716,321,1081,0,0,GWINNETT
LAWRENCEVILLE I,2168,555,516,1113,0,0,GWINNETT
BAYCREEK D,3355,1181,652,1882,0,0,GWINNETT
BERKSHIRE J,2293,875,466,1384,0,0,GWINNETT
CATES M,3403,1317,537,1909,0,0,GWINNETT
CATES N,2123,937,298,1259,0,0,GWINNETT
DULUTH F,3319,314,759,1089,0,0,GWINNETT
DULUTH G,2277,755,409,1208,0,0,GWINNETT
GOODWINS E,3880,1116,697,1877,0,0,GWINNETT
GOODWINS F,2324,605,476,1120,0,0,GWINNETT
PINCKNEYVILLE T,2137,477,481,995,0,0,GWINNETT
SUWANEE B,3084,1028,525,1592,0,0,GWINNETT
PINCKNEYVILLE U,1351,425,372,816,0,0,GWINNETT
PUCKETTS B,2300,856,350,1247,0,0,GWINNETT
BERKSHIRE L,2234,288,559,875,0,0,GWINNETT
ROCKBRIDGE F,4120,621,1634,2287,0,0,GWINNETT
SUGAR HILL F,3041,927,420,1393,0,0,GWINNETT
SUWANEE C,3581,1147,557,1764,0,0,GWINNETT
CATES O,1138,374,217,610,0,0,GWINNETT
BAYCREEK E,2265,638,469,1129,0,0,GWINNETT
BERKSHIRE M,1337,497,252,767,0,0,GWINNETT
MARTINS G,1571,250,416,688,0,0,GWINNETT
DULUTH H,1991,558,344,923,0,0,GWINNETT
BERKSHIRE N,2516,1032,512,1577,0,0,GWINNETT
PINCKNEYVILLE V,1209,234,279,527,0,0,GWINNETT
PINCKNEYVILLE W,2695,653,547,1239,0,0,GWINNETT
MARTINS H,3247,626,825,1479,0,0,GWINNETT
MARTINS I,2518,283,673,976,0,0,GWINNETT
MARTINS J,2771,224,714,967,0,0,GWINNETT
GARNERS F,1272,466,252,733,0,0,GWINNETT
BERKSHIRE O,2077,831,386,1260,0,0,GWINNETT
BERKSHIRE P,968,231,227,472,0,0,GWINNETT
PINCKNEYVILLE X,2341,788,495,1334,0,0,GWINNETT
ROCKBRIDGE G,3798,497,1432,1965,0,0,GWINNETT
PINCKNEYVILLE Y,2066,174,564,749,0,0,GWINNETT
GOODWINS G,1807,285,471,774,0,0,GWINNETT
PINCKNEYVILLE Z,1549,790,254,1074,0,0,GWINNETT
PINCKNEYVILLE A1,2239,1016,410,1485,0,0,GWINNETT
LAWRENCEVILLE J,1550,326,375,726,0,0,GWINNETT
GOODWINS H,2089,546,454,1039,0,0,GWINNETT
DUNCANS B,3262,1365,392,1808,0,0,GWINNETT
SUWANEE D,3451,1405,449,1899,0,0,GWINNETT
SUWANEE E,3103,1209,447,1707,0,0,GWINNETT
LAWRENCEVILLE K,2467,779,454,1258,0,0,GWINNETT
HARBINS B,2851,1059,355,1469,0,0,GWINNETT
BAYCREEK F,2899,727,766,1523,0,0,GWINNETT
PUCKETTS C,2259,784,301,1129,0,0,GWINNETT
HOG MOUNTAIN C,2964,947,440,1437,0,0,GWINNETT
ROCKYCREEK B,3657,1217,626,1903,0,0,GWINNETT
DULUTH I,3292,1144,464,1628,0,0,GWINNETT
MARTINS K,3460,410,1056,1507,0,0,GWINNETT
SUWANEE H,2784,1221,346,1593,0,0,GWINNETT
SUGAR HILL G,2099,810,297,1152,0,0,GWINNETT
SUWANEE F,2816,857,523,1424,0,0,GWINNETT
LAWRENCEVILLE L,3622,963,833,1824,0,0,GWINNETT
LAWRENCEVILLE M,3741,428,1182,1644,0,0,GWINNETT
BAYCREEK G,3107,948,670,1646,0,0,GWINNETT
BAYCREEK H,4012,1479,676,2191,0,0,GWINNETT
BAYCREEK I,3769,906,913,1873,0,0,GWINNETT
BERKSHIRE Q,1297,472,246,758,0,0,GWINNETT
GOODWINS I,2060,755,404,1199,0,0,GWINNETT
DULUTH K,1798,123,409,533,0,0,GWINNETT
HARBINS C,1708,722,201,944,0,0,GWINNETT
ROCKYCREEK C,3497,1187,668,1888,0,0,GWINNETT
LAWRENCEVILLE N,1700,426,344,793,0,0,GWINNETT
PUCKETTS D,2286,901,289,1231,0,0,GWINNETT
SUWANEE G,2650,798,486,1321,0,0,GWINNETT
BAYCREEK J,3138,777,861,1666,0,0,GWINNETT
TOTALS:,396271,107746,85137,198205,0,0,GWINNETT
